model_name,accuracy,precision,recall,f1_score,roc_auc
Multinomial Naive Bayes,0.8771358828315704,0.8776280295086684,0.8771358828315704,0.8770954190390104,0.9519057534032975
SVM Linear Kernel,0.8808787632221318,0.8809566122507457,0.8808787632221318,0.8808725167630409,0.9528725704048704
